{"cameraMode":{"drawMode":0,"name":"Shaded","section":"Shading Mode"},"sceneLighting":true,"audioPlay":false,"sceneViewState":{"m_AlwaysRefresh":false,"showFog":false,"showSkybox":false,"showFlares":false,"showImageEffects":true,"showParticleSystems":true,"showVisualEffectGraphs":true,"m_FxEnabled":true},"in2DMode":false,"pivot":{"x":-0.06593573838472367,"y":0.46113431453704836,"z":0.34369587898254397},"rotation":{"x":-0.31639721989631655,"y":0.1126224547624588,"z":-0.0378611758351326,"w":-0.9411567449569702},"size":1.7657109498977662,"orthographic":false}