{"cameraMode":{"drawMode":0,"name":"Shaded","section":"Shading Mode"},"sceneLighting":true,"audioPlay":false,"sceneViewState":{"m_AlwaysRefresh":false,"showFog":true,"showSkybox":true,"showFlares":true,"showImageEffects":true,"showParticleSystems":true,"showVisualEffectGraphs":true,"m_FxEnabled":true},"in2DMode":false,"pivot":{"x":-0.1063474491238594,"y":1.04646635055542,"z":-0.05839645862579346},"rotation":{"x":0.11226285994052887,"y":0.0014905398711562157,"z":-0.00016836727445479482,"w":0.9936779141426086},"size":4.813742637634277,"orthographic":true}