{"cameraMode":{"drawMode":0,"name":"Shaded","section":"Shading Mode"},"sceneLighting":false,"audioPlay":false,"sceneViewState":{"m_AlwaysRefresh":false,"showFog":true,"showSkybox":false,"showFlares":true,"showImageEffects":true,"showParticleSystems":true,"showVisualEffectGraphs":true,"m_FxEnabled":true},"in2DMode":false,"pivot":{"x":5.566892147064209,"y":1.4397872686386109,"z":0.5736925601959229},"rotation":{"x":0.02134757488965988,"y":-0.9756137728691101,"z":0.1105276495218277,"w":0.18843106925487519},"size":2.3228819370269777,"orthographic":false}